province;red;green;blue;x;x
1;128;34;64;Stockholm;x
2;0;36;128;Östergötland;x
3;128;38;192;Småland;x
4;0;40;255;Bergslagen;x
5;128;42;0;Värmland;x
6;0;44;64;Skåne;x
7;129;46;128;Västergötland;x
8;1;48;192;Dalaskogen;x
9;129;50;255;Hälsingland;x
10;1;52;0;Jämtland;x
11;129;54;64;Västerbotten;x
12;1;56;128;Sjælland;x
13;129;58;192;Slesvig;x
14;2;60;255;Fyn;x
15;130;62;0;Midtjylland;x
16;2;64;64;Bohuslän;x
17;130;66;128;Akershus;x
18;2;68;192;Umeå;x
19;130;70;255;Österbotten;x
20;2;72;0;Trøndelag;x
21;131;74;64;Hålogaland;x
22;3;76;128;Oplandene;x
23;131;78;192;Bergenshus;x
24;3;80;255;Stavanger;x
25;131;82;0;Gotland;x
26;3;84;64;Halland;x
27;131;86;128;Finland;x
28;4;88;192;Nyland;x
29;132;90;255;Tavastland;x
30;4;92;0;Viborg;x
31;132;94;64;Savolax;x
32;4;96;128;Kexholm;x
33;132;98;192;Neva;x
34;4;100;255;Ingermanland;x
35;133;102;0;Ösel;x
36;5;104;64;Estland;x
37;133;106;128;Livland;x
38;5;108;192;Riga;x
39;133;110;255;Kurland;x
40;5;112;0;Memel;x
41;133;114;64;Ostpreussen;x
42;6;116;128;Warmia;x
43;134;118;192;Danzig;x
44;6;120;255;Hamburg;x
45;134;122;0;Lübeck;x
46;6;124;64;Mecklenburg;x
47;134;126;128;Stralsund;x
48;6;128;192;Kolberg;x
49;135;130;255;Neumark;x
50;7;132;0;Berlin;x
51;135;134;64;Ruppin;x
52;7;136;128;Magdeburg;x
53;135;138;192;Lüneburg;x
54;7;140;255;Bremen;x
55;135;142;0;Oldenburg;x
56;8;144;64;Osnabrück;x
57;136;146;128;Hannover;x
58;8;148;192;Anhalt;x
59;136;150;255;Meissen;x
60;8;152;0;Lausitz;x
61;136;154;64;Dresden;x
62;8;156;128;Leipzig;x
63;137;158;192;Erfurt;x
64;9;32;255;Niederbayern;x
65;137;34;0;München;x
66;9;36;64;Bamberg;x
67;137;38;128;Franken;x
68;9;40;192;Memmingen;x
69;137;42;255;Konstanz;x
70;10;44;0;Württemberg;x
71;138;46;64;Leiningen;x
72;10;48;128;Breisgau;x
73;138;50;192;Tirol;x
74;10;52;255;Baden;x
75;138;54;0;Elsass;x
76;10;56;64;Salzburg;x
77;139;58;128;Worms;x
78;11;60;192;Pfalz;x
79;139;62;255;Würzburg;x
80;11;64;0;Trier;x
81;139;66;64;Hessen;x
82;11;68;128;Lippe;x
83;139;70;192;Nassau;x
84;12;72;255;Berg;x
85;140;74;0;Köln;x
86;12;76;64;Münster;x
87;140;78;128;Calais;x
88;12;80;192;Artois;x
89;140;82;255;Picardie;x
90;12;84;0;Vlaanderen;x
91;141;86;64;Hainault;x
92;13;88;128;Brabant;x
93;141;90;192;Liège;x
94;13;92;255;Luxemburg;x
95;141;94;0;Noord;x
96;13;96;64;Zeeland;x
97;141;98;128;Holland;x
98;14;100;192;Utrecht;x
99;142;102;255;Gelre;x
100;14;104;0;Friesland;x
101;142;106;64;Liguria;x
102;14;108;128;Nice;x
103;85;80;32;Niklas;x
104;14;112;255;Lombardia;x
105;143;114;0;Parma;x
106;15;116;64;Modena;x
107;143;118;128;Brescia;x
108;15;120;192;Verona;x
109;143;122;255;Mantua;x
110;15;124;0;Trent;x
111;143;126;64;Friuli;x
112;16;128;128;Venezia;x
113;144;130;192;Ferrara;x
114;16;132;255;Romagna;x
115;144;134;0;Pisa;x
116;16;136;64;Firenze;x
117;144;138;128;Siena;x
118;16;140;192;Roma;x
119;145;142;255;Ancona;x
120;17;144;0;Abbruzzi;x
121;145;146;64;Napoli;x
122;17;148;128;Apulia;x
123;145;150;192;Calabria;x
124;17;152;255;Messina;x
125;145;154;0;Palermo;x
126;18;156;64;Malta;x
127;146;158;128;Sardinia;x
128;18;32;192;Kärnten;x
129;146;34;255;Krain;x
130;18;36;0;Istria;x
131;146;38;64;Croatia;x
132;18;40;128;Steiermark;x
133;147;42;192;Linz;x
134;19;44;255;Wien;x
135;147;46;0;Sopron;x
136;19;48;64;Dalmatia;x
137;147;50;128;Ragusa;x
138;19;52;192;Zeta;x
139;147;54;255;Hum;x
140;20;56;0;Bosnia;x
141;148;58;64;Serbia;x
142;20;60;128;Corfu;x
143;148;62;192;Albania;x
144;20;64;255;Janina;x
145;148;66;0;Morea;x
146;20;68;64;Athens;x
147;149;70;128;Salonica;x
148;21;72;192;Macedonia;x
149;149;74;255;Edirne;x
150;21;76;0;Bulgaria;x
151;149;78;64;Thrace;x
152;21;80;128;Slavonia;x
153;149;82;192;Pecs;x
154;22;84;255;Ersekujvar;x
155;150;86;0;Szolnok;x
156;22;88;64;Banat;x
157;150;90;128;Partium;x
158;22;92;192;Transylvania;x
159;150;94;255;Silistria;x
160;22;96;0;Oltenia;x
161;151;98;64;Wallachia;x
162;23;100;128;Carpathia;x
163;151;102;192;Crete;x
164;23;104;255;Naxos;x
165;151;106;0;Bern;x
166;23;108;64;Schwyz;x
167;151;110;128;Caux;x
168;24;112;192;Normandie;x
169;152;114;255;Armor;x
170;24;116;0;Finistère;x
171;152;118;64;Morbihan;x
172;24;120;128;Vendée;x
173;152;122;192;Labourd;x
174;24;124;255;Gascogne;x
175;153;126;0;Armagnac;x
176;25;128;64;Béarn;x
177;153;130;128;Maine;x
178;25;132;192;Anjou;x
179;153;134;255;Berry;x
180;25;136;0;Poitou;x
181;153;138;64;Valenciennes;x
182;26;140;128;Vermandois;x
183;154;142;192;Île-de-France;x
184;26;144;255;Orléannais;x
185;147;222;218;Nemours;x
186;26;148;64;Champagne;x
187;154;150;128;Barrois;x
188;26;152;192;Metz;x
189;155;154;255;Lothringen;x
190;27;156;0;Bourbon;x
191;155;158;64;Nevers;x
192;27;32;128;Bourgogne;x
193;155;34;192;Franche-Comté;x
194;27;36;255;Périgord;x
195;155;38;0;Limousin;x
196;28;40;64;Toulouse;x
197;156;42;128;Roussillon;x
198;28;44;192;Rouergue;x
199;156;46;255;Auvergne;x
200;28;248;0;Languedoc;x
201;156;50;64;Toulon;x
202;28;52;128;Avignon;x
203;157;54;192;Lyonnais;x
204;29;56;255;Dauphiné;x
205;157;58;0;Savoie;x
206;29;60;64;Galicia;x
207;157;62;128;Asturias;x
208;29;64;192;León;x
209;157;66;255;Vizcaya;x
210;30;68;0;Navarra;x
211;158;70;64;Pirineo;x
212;30;72;128;Girona;x
213;158;74;192;Barcelona;x
214;30;76;255;Zaragoza;x
215;158;78;0;Castilla La Vieja;x
216;30;80;64;Salamanca;x
217;159;82;128;Madrid;x
218;31;84;192;Badajoz;x
219;159;86;255;Toledo;x
220;31;88;0;València;x
221;159;90;64;Murcia;x
222;31;92;128;Almería;x
223;159;94;192;Granada;x
224;32;96;255;Andalucía;x
225;160;98;0;Córdoba;x
226;32;100;64;Gibraltar;x
227;160;102;128;Lisboa;x
228;32;104;192;Beira;x
229;160;106;255;Beja;x
230;32;108;0;Algarve;x
231;161;110;64;Porto;x
232;33;112;128;Bragança;x
233;166;203;93;Cornwall;x
234;33;116;255;Wessex;x
235;161;118;0;Kent;x
236;33;120;64;London;x
237;161;122;128;Oxfordshire;x
238;34;124;192;Essex;x
239;162;126;255;Gloucestershire;x
240;34;128;0;Shrewsbury;x
241;162;130;64;Glamorgan;x
242;34;132;128;Gwynedd;x
243;162;134;192;Lincoln;x
244;34;136;255;Lancashire;x
245;163;138;0;Yorkshire;x
246;35;140;64;Northumberland;x
247;163;142;128;Cumbria;x
248;35;144;192;Lothian;x
249;163;146;255;Ayrshire;x
250;35;148;0;Perth;x
251;163;150;64;Aberdeen;x
252;36;152;128;Inverness;x
253;164;154;192;Outer Hebrides;x
254;36;156;255;Poznan;x
255;164;158;0;Kalisz;x
256;36;32;64;Plock;x
257;164;34;128;Mazovia;x
258;36;36;192;Lodz;x
259;165;38;255;Sandomir;x
260;37;40;0;Galicien;x
261;165;42;64;Halicz;x
262;37;44;128;Krakow;x
263;165;46;192;Ratibor;x
264;37;48;255;Breslau;x
265;165;50;0;Moravia;x
266;38;52;64;Bohemia;x
267;166;54;128;Plsen;x
268;38;56;192;Bessarabia;x
269;166;58;255;Podlasia;x
270;38;60;0;Troki;x
271;166;62;64;Samogitia;x
272;38;64;128;Lithuania;x
273;167;66;192;Letgallen;x
274;39;68;255;Pskov;x
275;167;70;0;Polotsk;x
276;39;72;64;Minsk;x
277;167;74;128;Grodno;x
278;39;76;192;Polesia;x
279;167;78;255;Volhynia;x
280;40;80;0;Kiev;x
281;168;82;64;Podolia;x
282;40;84;128;Yedisan;x
283;168;86;192;Zaporozhia;x
284;40;88;255;Crimea;x
285;168;90;0;Kaffa;x
286;40;92;64;Azow;x
287;169;94;128;Kouban;x
288;41;96;192;Cherkassk;x
289;169;98;255;Chernigov;x
290;41;100;0;Poltava;x
291;169;102;64;Kharkov;x
292;41;104;128;Mogilyov;x
293;169;106;192;Smolensk;x
294;42;108;255;Tver;x
295;170;110;0;Moskva;x
296;42;112;64;Kaluga;x
297;74;227;77;Bryansk;x
298;42;116;192;Kursk;x
299;170;118;255;Voronezh;x
300;42;120;0;Tula;x
301;171;122;64;Ryazan;x
302;43;124;128;Tambow;x
303;171;126;192;Saratow;x
304;43;128;255;Pensa;x
305;171;130;0;Perm;x
306;43;132;64;Nijni-Novgorod;x
307;171;134;128;Vladimir;x
308;44;136;192;Yaroslavl;x
309;172;138;255;Olonets;x
310;44;140;0;Novgorod;x
311;172;142;64;Kholm;x
312;44;144;128;Vologda;x
313;72;0;240;Archangelsk;x
314;44;148;255;Ustyug;x
315;173;150;0;Finnmark;x
316;45;152;64;Kocaeli;x
317;173;154;128;Hüdavendigar;x
318;45;156;192;Sugla;x
319;173;158;255;Mentese;x
320;45;32;0;Rhodes;x
321;173;34;64;Cyprus;x
322;46;36;128;Kütahya;x
323;174;38;192;Konya;x
324;46;40;255;Karaman;x
325;174;42;0;Kastamonu;x
326;46;44;64;Ankara;x
327;174;46;128;Adana;x
328;46;48;192;Sinop;x
329;175;50;255;Sivas;x
330;47;52;0;Trebizond;x
331;175;54;64;Erzurum;x
332;47;56;128;Marash;x
333;175;58;192;The Baleares;x
334;47;60;255;Tangiers;x
335;175;62;0;Mellila;x
336;48;244;64;Tlemcen;x
337;176;66;128;Oran;x
338;48;68;192;Al-Djazair;x
339;176;70;255;Kabylia;x
340;48;72;0;Constantine;x
341;176;74;64;Tunis;x
342;48;76;128;Toubkhal;x
343;177;78;192;Fez;x
344;49;80;255;Marrakech;x
345;177;82;0;Safi;x
346;49;84;64;Figuig;x
347;177;86;128;Ifni;x
348;49;88;192;Sus;x
349;177;90;255;Atlas;x
350;50;92;0;Aures;x
351;178;94;64;Biskra;x
352;50;96;128;Gafsa;x
353;178;98;192;Tataouine;x
354;50;100;255;Tripolitania;x
355;178;102;0;Sirt;x
356;50;104;64;Cyrenaica;x
357;179;106;128;Darnah;x
358;51;108;192;Alexandria;x
359;179;110;255;Fayyum;x
360;51;112;0;Qus;x
361;179;114;64;Cairo;x
362;51;116;128;Rosetta;x
363;179;118;192;Damietta;x
364;52;120;255;Gaza;x
365;180;122;0;Sinai;x
366;52;124;64;The Canarias;x
367;180;126;128;The Azores;x
368;52;128;192;Madeira;x
369;180;130;255;Orkney;x
370;52;132;0;Reykjavik;x
371;181;134;64;Akureyri;x
372;53;136;128;Tyrone;x
373;181;138;192;Meath;x
374;53;140;255;Leinster;x
375;181;142;0;Munster;x
376;53;144;64;Connaught;x
377;181;146;128;Aleppo;x
378;54;148;192;Tripoli;x
379;182;150;255;Jerusalem;x
380;54;152;0;Al Karak;x
381;182;154;64;Ajlun;x
382;54;156;128;Damascus;x
383;182;158;192;Tabuk;x
384;54;32;255;Medina;x
385;183;34;0;Mecca;x
386;55;36;64;Bishah;x
387;183;38;128;Mokha;x
388;55;40;192;Aden;x
389;183;42;255;Mukalla;x
390;55;44;0;Sana'a;x
391;183;46;64;Najran;x
392;56;48;128;Al-Arid;x
393;184;50;192;Jabal Shammar;x
394;56;52;255;El Catif;x
395;184;54;0;Qatar;x
396;56;56;64;Bahrain;x
397;184;58;128;Bani Yas;x
398;56;60;192;Qawasim;x
399;185;62;255;Suhar;x
400;57;64;0;Muscat;x
401;185;66;64;Dhofar;x
402;57;68;128;Mahra;x
403;185;70;192;Nizwa;x
404;57;72;255;Liwa;x
405;185;74;0;Tadmor;x
406;58;76;64;Haditha;x
407;186;78;128;Ar Raqqa;x
408;58;80;192;Basra;x
409;186;82;255;Karballa;x
410;58;84;0;Baghdad;x
411;186;86;64;Mosul;x
412;58;88;128;Ahvaz;x
413;187;90;192;Lorestan;x
414;59;92;255;Hamadan;x
415;187;94;0;Kirkuk;x
416;59;96;64;Azerbaijan;x
417;187;98;128;Gilan;x
418;59;100;192;Diyarbakir;x
419;187;102;255;Yerevan;x
420;60;140;0;Ganja;x
421;188;106;64;Shirvan;x
422;60;108;128;Imereti;x
423;188;110;192;Kartli;x
424;60;112;255;Ardabil;x
425;188;114;0;Dagestan;x
426;60;116;64;Amol;x
427;189;118;128;Shahrud;x
428;61;120;192;Rey;x
429;189;122;255;Isfahan;x
430;61;124;0;Bushehr;x
431;189;126;64;Hormuz;x
432;61;128;128;Kerman;x
433;189;130;192;Dash-i-Lut;x
434;62;132;255;Quhistan;x
435;190;134;0;Sistan;x
436;62;136;64;Birjand;x
437;190;138;128;Atak;x
438;62;140;192;Kara Kum;x
439;190;142;255;Mangyshlak;x
440;62;144;0;Qaraqalpak;x
441;191;146;64;Khiva;x
442;63;148;128;Bukhara;x
443;191;150;192;Ust Yurt;x
444;63;152;255;Charjuy;x
445;191;154;0;Marv;x
446;63;156;64;Herat;x
447;191;158;128;Kandahar;x
448;64;32;192;Gazni;x
449;192;34;255;Ghor;x
450;64;36;0;Balkh;x
451;192;38;64;Kabul;x
452;64;40;128;Badakhshan;x
453;192;42;192;Qarshi;x
454;64;44;255;Samarkand;x
455;193;46;0;Kyrzyl-Kum;x
456;65;48;64;Turkestan;x
457;193;50;128;Tashkent;x
458;65;52;192;Kokand;x
459;193;54;255;Taraz;x
460;65;56;0;Uzkend;x
461;193;58;64;Zhetysu;x
462;66;60;128;Mingrelia;x
463;194;62;192;Circassia;x
464;66;64;255;Astrakhan;x
465;194;66;0;Nogay;x
466;66;68;64;Sarai;x
467;194;70;128;Borisoglebsk;x
468;66;72;192;Khazaria;x
469;195;74;255;Ryn;x
470;67;76;0;Bayuly;x
471;195;78;64;Alimuly;x
472;67;80;128;Zhetyru;x
473;195;82;192;Samara;x
474;67;84;255;Yaik;x
475;195;86;0;Bashkortostan;x
476;68;88;64;Kypshak;x
477;196;90;128;Nadym;x
478;68;92;192;Argyn;x
479;196;94;255;Kerey;x
480;68;96;0;Kulunda;x
481;196;98;64;Bermuda;x
482;68;100;128;Bahamas;x
483;197;102;192;Turks Islands;x
484;69;104;255;Havana;x
485;197;106;0;Moron;x
486;69;108;64;Guantamano;x
487;197;110;128;Jamaica;x
488;69;112;192;Les Cayes;x
489;197;114;255;Tortuga;x
490;70;116;0;Barahonas;x
491;198;118;64;Curacao;x
492;70;120;128;Puerto Rico;x
493;198;122;192;St. Thomas;x
494;70;124;255;St. Martin;x
495;198;126;0;St. Kitts;x
496;70;128;64;Antigua;x
497;199;130;128;Guadelopue;x
498;71;132;192;Dominica;x
499;199;134;255;Martinique;x
500;71;136;0;St. Lucia;x
501;199;138;64;Barbados;x
502;71;140;128;Trinidad;x
503;199;142;192;Kutch;x
504;72;144;255;Thatta;x
505;200;146;0;Sehwan;x
506;72;148;64;Multan;x
507;200;150;128;Lahore;x
508;72;152;192;Kashmir;x
509;200;154;255;Kangra;x
510;72;156;0;Sirhind;x
511;201;158;64;Garhwal;x
512;73;32;128;Jangladesh;x
513;201;34;192;Jaisalmer;x
514;73;36;255;Marwar;x
515;201;38;0;Girnar;x
516;73;40;64;Baroda;x
517;201;42;128;Surat;x
518;74;44;192;Chittorgarh;x
519;202;46;255;Dundhar;x
520;74;48;0;Mewat;x
521;202;50;64;Rajkot;x
522;74;52;128;Delhi;x
523;202;54;192;Oudh;x
524;74;56;255;Central Doab;x
525;203;58;0;Gird;x
526;75;60;64;Mandu;x
527;203;62;128;Khandesh;x
528;75;64;192;Hadoti;x
529;203;66;255;North Konkan;x
530;75;68;0;South Konkan;x
531;203;70;64;North Kanara;x
532;76;72;128;Raichur Doab;x
533;204;74;192;Mysore;x
534;76;76;255;Malabar;x
535;204;78;0;Kochin;x
536;76;80;64;Madurai;x
537;204;82;128;Venad;x
538;76;84;192;Kongu;x
539;205;86;255;Tondainadu;x
540;77;88;0;Coromandel;x
541;205;90;64;Vijayanagar;x
542;77;92;128;Golconda;x
543;205;94;192;Velanadu;x
544;77;96;255;Ahmadnagar;x
545;205;98;0;Marathwada;x
546;78;100;64;East Berar;x
547;206;102;128;Bastar;x
548;78;104;192;West Berar;x
549;206;106;255;Kalingandhra;x
550;78;108;0;Mahakoshal;x
551;206;110;64;Mandla;x
552;78;112;128;Cuttack;x
553;207;114;192;Sambalpur;x
554;79;116;255;Baisi Rayja;x
555;207;118;0;Jaunpur;x
556;79;120;64;Lower Doab;x
557;207;122;128;Katmandu;x
558;79;124;192;Patna;x
559;207;126;255;Bundelkhand;x
560;80;128;0;Jharkand;x
561;208;130;64;Bengal Delta;x
562;80;132;128;Koch;x
563;208;134;192;Gauda;x
564;80;136;255;Dacca;x
565;208;138;0;Bhutan;x
566;80;140;64;Assam;x
567;209;142;128;Sylhet;x
568;81;144;192;Chittagong;x
569;209;146;255;Bijapur;x
570;81;148;0;Naga;x
571;209;150;64;Darrang;x
572;81;152;128;Kotte;x
573;209;154;192;Kachar;x
574;82;156;255;The Andamans;x
575;210;158;0;Eastern Makran;x
576;82;32;64;Indus;x
577;210;34;128;Quetta;x
578;82;36;192;Khyber;x
579;210;38;255;Arakan;x
580;82;40;0;Chin;x
581;211;42;64;Sagaing;x
582;83;44;128;Kachin;x
583;211;46;192;Hsenwi;x
584;83;48;255;Kyuakse;x
585;211;50;0;Toungoo;x
586;83;52;64;Pegu;x
587;211;54;128;Keng Tung;x
588;84;56;192;Mongnai;x
589;212;58;255;Chiang Mai;x
590;84;60;0;Moulmein;x
591;212;62;64;Tenasserim;x
592;84;64;128;Ratchaburi;x
593;212;66;192;Ligore;x
594;84;68;255;Pattani;x
595;213;70;0;Perak;x
596;85;72;64;Malacca;x
597;213;74;128;Johor;x
598;85;76;192;Pahang;x
599;213;78;255;Kelantan;x
600;85;80;0;Ayutthaya;x
601;213;82;64;Sukthothai;x
602;86;84;128;Chian Rai;x
603;214;86;192;Rayong;x
604;86;88;255;Udong;x
605;214;90;0;Prei Nokoi;x
606;86;92;64;Panduranga;x
607;214;94;128;Vijaya;x
608;86;96;192;Champassak;x
609;215;98;255;Siem Reap;x
610;87;100;0;Binh Tri Thien;x
611;215;102;64;Thakhek;x
612;87;104;128;Khorat;x
613;215;106;192;Thang Long;x
614;87;108;255;Vientiane;x
615;215;110;0;Luang Prabang;x
616;88;112;64;Viet Bac;x
617;216;114;128;Aceh;x
618;88;116;192;Aru;x
619;216;118;255;Minangkabau;x
620;88;120;0;Siak;x
621;216;122;64;Benkulen;x
622;88;124;128;Palembang;x
623;217;126;192;Lampung;x
624;89;128;255;Banten;x
625;217;130;0;Priangan;x
626;89;132;64;Mataram;x
627;217;134;128;Blambangan;x
628;89;136;192;Surabaya;x
629;217;138;255;Demak;x
630;90;140;0;Sunda;x
631;218;142;64;Bali-Lombok;x
632;90;144;128;Sumbawa;x
633;218;146;192;Flores;x
634;90;148;255;Sumba;x
635;218;150;0;Timor;x
636;90;152;64;Brunei;x
637;219;154;128;Sabah;x
638;91;156;192;Kutei;x
639;219;158;255;Banjarmasin;x
640;91;32;0;Sukadane;x
641;219;34;64;Makassar;x
642;91;36;128;Bone;x
643;219;38;192;Pose;x
644;92;40;255;Menade;x
645;220;42;0;Buru;x
646;92;44;64;Ambom;x
647;220;46;128;Ceram;x
648;92;48;192;Halmahera;x
649;220;50;255;Ternate;x
650;92;52;0;Tidore;x
651;221;54;64;Sulu;x
652;93;56;128;Maguindanae;x
653;221;58;192;Tagoloan;x
654;93;60;255;Samar;x
655;221;62;0;Palawan;x
656;93;64;64;Manila;x
657;221;66;128;Samtoy;x
658;94;68;192;Cagayan;x
659;222;70;255;Riau;x
660;94;72;0;Xishuan Banna;x
661;222;74;64;Dali;x
662;94;76;128;Yunnan;x
663;222;78;192;Wenshan;x
664;94;80;255;Guangxi;x
665;223;82;0;XXX;x
666;95;84;64;Hainan;x
667;223;86;128;Guangzhou;x
668;95;88;192;Macau;x
669;223;90;255;Fuzhou;x
670;95;92;0;Ganzhou;x
671;223;94;64;Changsha;x
672;96;96;128;Chenzhou;x
673;224;98;192;Bozhou;x
674;96;100;255;Guiyang;x
675;224;102;0;Liangshan;x
676;96;104;64;U-Tsang;x
677;224;106;128;Qamdo;x
678;96;108;192;Kham;x
679;225;110;255;Sichuan Pendi;x
680;97;112;0;Shenquing;x
681;225;114;64;Yichuan;x
682;97;116;128;Hanyang;x
683;225;118;192;Nanchang;x
684;97;120;255;Hangzhou;x
685;225;122;0;Huai'an;x
686;98;124;64;Anqing;x
687;226;126;128;Running;x
688;98;128;192;Kaifeng;x
689;226;130;255;Fengyuan;x
690;98;132;0;Shandong Bandao;x
691;226;134;64;Jinan;x
692;98;136;128;Handan;x
693;227;138;192;Sanguan;x
694;99;140;255;Changzhi;x
695;227;142;0;Beijing;x
696;99;144;64;Xuan Fu;x
697;227;146;128;Datong;x
698;99;148;192;Guyuan;x
699;227;150;255;Lanzhou;x
700;100;152;0;Shaanxi;x
701;228;154;64;Ordos;x
702;100;156;128;Ulaanchab;x
703;228;158;192;Chengde;x
704;100;32;255;Liaoxi;x
705;228;34;0;Dangla;x
706;100;36;64;Amdo;x
707;229;38;128;Yumen;x
708;101;40;192;Gansu;x
709;229;42;255;Ningxia;x
710;101;44;0;Hotan;x
711;229;46;64;Qarqan;x
712;101;48;128;Uighuristan;x
713;229;50;192;Kuruk Tag;x
714;102;52;255;Dzungaria;x
715;230;54;0;Urumqi;x
716;102;56;64;Tannu Tuva;x
717;230;58;128;Selenge;x
718;102;60;192;Govi Altay;x
719;230;62;255;Khangai;x
720;102;64;0;Dorno Govi;x
721;231;66;64;Dornod;x
722;103;68;128;Chahar;x
723;231;70;192;Xilin Gol;x
724;103;72;255;Yakesa;x
725;231;74;0;Hinggan;x
726;103;76;64;Liaodong;x
727;231;78;128;Heilongjiang;x
728;104;80;192;Sanxing;x
729;232;82;255;Wusuli;x
730;104;84;0;Haixi;x
731;232;86;64;Ninguta;x
732;104;88;128;Hamheung;x
733;232;90;192;Hwangju;x
734;104;92;255;Gangwon;x
735;153;134;173;Hanseong;x
736;217;164;164;Sangju;x
737;233;98;128;Jeonju;x
738;105;100;192;Taiwan;x
739;233;102;255;Kashgar;x
740;105;104;0;Chanderi;x
741;233;106;64;Cumana;x
742;106;108;128;Guayana;x
743;234;110;192;Essequibo;x
744;106;112;255;Demerara;x
745;234;114;0;Paramaribo;x
746;106;116;64;Cayenne;x
747;234;118;128;Tucujulandia;x
748;106;120;192;Grao Para;x
749;235;122;255;Maranhao;x
750;107;124;0;Crato;x
751;235;126;64;Ceara;x
752;107;128;128;Oeiras;x
753;235;130;192;Rio Grande;x
754;107;132;255;Itamaraca;x
755;235;134;0;Pernambuco;x
756;108;136;64;Bahia;x
757;236;138;128;Ilheus;x
758;108;140;192;Goias;x
759;236;142;255;Diamantina;x
760;108;144;0;Porto Seguro;x
761;236;146;64;Espirito Santo;x
762;108;148;128;Sao Tome;x
763;237;150;192;Rio de Janeiro;x
764;109;152;255;Santo Amaro;x
765;237;154;0;Santa Luzia;x
766;109;156;64;Sao Vicente;x
767;237;158;128;Wystruc;x
768;109;32;192;Guayra;x
769;237;34;255;Curitiba;x
770;110;36;0;Braslaw;x
771;238;38;64;Vitebsk;x
772;110;40;128;Uruguay;x
773;238;42;192;Banda Oriente;x
774;110;44;255;Al Junaynah;x
775;238;46;0;Asuncion;x
776;110;48;64;Itenines;x
777;239;50;128;Parana;x
778;111;52;192;Rio de la Plata;x
779;239;54;255;Tandil;x
780;111;56;0;Candelaria Patagones;x
781;239;58;64;Puerto Desaedo;x
782;111;60;128;Tierra del Fuego;x
783;239;62;192;Alacaluf;x
784;112;64;255;Huillimapu;x
785;240;66;0;Pehuenmapu;x
786;112;68;64;Carmen Patagones;x
787;240;70;128;Pincunmapu;x
788;112;72;192;Angoche;x
789;240;74;255;Mtetwa;x
790;112;76;0;Chaco Austral;x
791;241;78;64;Catamarca;x
792;113;80;128;Copiapo;x
793;241;82;192;Atacama;x
794;113;84;255;Jujuy;x
795;241;86;0;Potosi;x
796;113;88;64;Arica;x
797;241;90;128;Oruro;x
798;215;191;212;Mbwila
799;242;94;255;Chaco Boreal;x
800;114;96;0;Chiquitos;x
801;242;98;64;Caranga;x
802;114;100;128;Chuquiabo;x
803;242;102;192;Moxos;x
804;114;104;255;Puno;x
805;243;106;0;Arequipa;x
806;115;108;64;Nazca;x
807;243;110;128;Huamanga;x
808;115;112;192;Cuzco;x
809;243;114;255;Lima;x
810;115;116;0;Huancavelica;x
811;243;118;64;Tarma;x
812;116;120;128;Chanchan;x
813;244;122;192;Cajamarca;x
814;116;124;255;Huanuco;x
815;244;126;0;Maynas;x
816;116;128;64;Tumbes;x
817;244;130;128;Cuenca;x
818;116;132;192;Canelos;x
819;245;134;255;Guayaquil;x
820;117;136;0;Quito;x
821;245;138;64;Quijos;x
822;117;140;128;Caqueta;x
823;245;142;192;Cauca;x
824;117;144;255;Mariquita;x
825;245;146;0;Bogota;x
826;118;148;64;Choco;x
827;246;150;128;Antioquía;x
828;118;152;192;Cartagena;x
829;246;154;255;Magdalena;x
830;118;156;0;Maracaibo;x
831;246;158;64;Caracas;x
832;118;32;128;Chiancon;x
833;247;34;192;Graaff-Reinet;x
834;119;36;255;Barinas;x
835;128;34;79;Panama;x
836;0;36;126;Chorotega;x
837;128;38;173;Nicaragua;x
838;0;40;32;Mosquito;x
839;128;42;79;Pipil;x
840;0;44;126;Honduras;x
841;129;46;173;Guatemala;x
842;1;48;32;Petén;x
843;129;50;79;Belize;x
844;1;52;126;Zapotec;x
845;129;54;173;Campeche;x
846;1;56;32;Yucatan;x
847;129;58;79;Mixtec;x
848;2;60;126;Tohancapan;x
849;130;62;173;Tlapanec;x
850;2;64;32;Tlaxcala;x
851;130;66;79;Tarasco;x
852;2;68;126;Mexico;x
853;130;70;173;Huastec;x
854;2;72;32;Sayultecas;x
855;131;74;79;Huichol;x
856;3;76;126;Zacatecas;x
857;131;78;173;Guachichil;x
858;3;80;32;Tamaulipas;x
859;131;82;79;Sinaloa;x
860;3;84;126;Tepehuan;x
861;131;86;173;Coahuila;x
862;4;88;32;Yaqui;x
863;132;90;79;Suma;x
864;4;92;126;Concho;x
865;132;94;173;Cochimi;x
866;4;96;32;Guaycura;x
867;132;98;79;Mojave;x
868;4;100;126;Chumash;x
869;133;102;173;Salinan;x
870;5;104;32;Yorkuts;x
871;133;106;79;Pomo;x
872;5;108;126;Kalapuya;x
873;133;110;173;Chinook;x
874;5;112;32;Salish;x
875;133;114;79;Canyon;x
876;6;116;126;Yavapai;x
877;134;118;173;Pima;x
878;6;120;32;Navajo;x
879;134;122;79;Apache;x
880;6;124;126;Pueblo;x
881;134;126;173;Piro;x
882;6;128;32;Mescalero;x
883;135;130;79;Lipan;x
884;7;132;126;Karankawa;x
885;135;134;173;Comanche;x
886;7;136;32;Waco;x
887;135;138;79;Tonkawa;x
888;7;140;126;Atakapa;x
889;135;142;173;Arapaho;x
890;8;144;32;Kiowa;x
891;136;146;79;Jicarilla;x
892;8;148;126;Wichita;x
893;136;150;173;Chitimacha;x
894;8;152;32;Caddo;x
895;136;154;79;Arkansas;x
896;8;156;126;Ozark;x
897;137;158;173;Quapaw;x
898;9;32;32;Kansas;x
899;137;34;79;Osage;x
900;9;36;126;Tamaroa;x
901;137;38;173;Pawnee;x
902;9;40;32;Missouri;x
903;137;42;79;Omaha;x
904;10;44;126;Nakota;x
905;138;46;173;Iowa;x
906;10;48;32;Lakota;x
907;138;50;79;Dakota;x
908;10;52;126;Minnesota;x
909;138;54;173;Mandan;x
910;10;56;32;Chippewa;x
911;139;58;79;Menominee;x
912;11;60;126;Sauk;x
913;139;62;173;Fox;x
914;11;64;32;Winnebago;x
915;139;66;79;Illinois;x
916;11;68;126;Kaskaskia;x
917;139;70;173;Cahokia;x
918;12;72;32;Tennessee;x
919;140;74;79;Chickasaw;x
920;12;76;126;Choctaw;x
921;140;78;173;Bayougoula;x
922;12;80;32;Mobile;x
923;140;82;79;Pensacola;x
924;12;84;126;Alabama;x
925;141;86;173;Tuskegee;x
926;13;88;32;Seminole;x
927;141;90;79;Timucua;x
928;13;92;126;Apalachee;x
929;141;94;173;Muskogee;x
930;13;96;32;Yamasee;x
931;141;98;79;Chiaha;x
932;14;100;126;Santee;x
933;142;102;173;Catawba;x
934;14;104;32;Shawnee;x
935;142;106;79;Cherokee;x
936;14;108;126;Cheraw;x
937;142;110;173;Tuscarora;x
938;14;112;32;Pamlico;x
939;143;114;79;Pennyrile;x
940;15;116;126;Kentucky;x
941;143;118;173;Cumberland;x
942;15;120;32;Wea;x
943;143;122;79;Miami;x
944;15;124;126;Potawatomi;x
945;143;126;173;Michigan;x
946;16;128;32;Wyandot;x
947;144;130;79;Erie;x
948;16;132;126;Ohio;x
949;144;134;173;Monacan;x
950;16;136;32;Powhatan;x
951;144;138;79;Kanawha;x
952;16;140;126;Manahoac;x
953;145;142;173;Conoy;x
954;17;144;32;Allegheny;x
955;145;146;79;Susquehanna;x
956;17;148;126;Lenape;x
957;145;150;173;Delaware;x
958;17;152;32;Seneca;x
959;145;154;79;Cayuga;x
960;18;156;126;Onondaga;x
961;146;158;173;Oneida;x
962;18;32;32;Unami;x
963;146;34;79;Mahican;x
964;18;36;126;Mohawk;x
965;146;38;173;Manhattan;x
966;18;40;32;Connecticut;x
967;147;42;79;Narraganset;x
968;19;44;126;Massachusetts;x
969;147;46;173;Pocumtuk;x
970;19;48;32;Pennacook;x
971;147;50;79;Abnaki;x
972;19;52;126;Nootka;x
973;147;54;173;Squamish;x
974;20;56;32;Kwakiutl;x
975;148;58;79;Tsimshian;x
976;20;60;126;Tlingit;x
977;148;62;173;Yakutat;x
978;20;64;32;Kenai;x
979;148;66;79;Aleut;x
980;20;68;126;Beothuk;x
981;149;70;173;Taqamkuk;x
982;21;72;32;Unamakik;x
983;149;74;79;Epekwitk;x
984;21;76;126;Acadia;x
985;149;78;173;Micmac;x
986;21;80;32;Kespek;x
987;149;82;79;Niagara;x
988;22;84;126;Huron;x
989;150;86;173;Ontario;x
990;22;88;32;Kwedech;x
991;150;90;79;Ottawa;x
992;22;92;126;Algonquin;x
993;150;94;173;Hochelega;x
994;22;96;32;Stadacona;x
995;151;98;79;Atiamekw;x
996;23;100;126;Innu;x
997;151;102;173;Labrador;x
998;23;104;32;Ungava;x
999;151;106;79;Nunavik;x
1000;23;108;126;Cree;x
1250;1;200;200;Vänern;x
1251;2;200;250;Vättern;x
1252;3;220;250;Gulf of Bothnia;x
1253;4;250;250;Ålands Hav;x
1254;5;200;200;Gulf of Finland;x
1255;6;200;250;Western Baltic Sea;x
1256;7;220;250;Gulf of Riga;x
1257;8;250;250;Southern Baltic Sea;x
1258;9;200;200;Öresund;x
1259;10;200;250;Kattegat;x
1260;11;220;250;Peipsi Järv;x
1261;12;250;250;Ladoga;x
1262;13;200;200;Onega;x
1263;14;200;250;Barents Sea;x
1264;15;220;250;Lofoten Sea;x
1265;16;250;250;Northern Norwegian Sea;x
1266;17;200;200;Southern Norwegian Sea;x
1267;18;200;250;Skagerrack;x
1268;19;220;250;Helgoland Bight;x
1269;20;250;250;Coast of Holland;x
1270;21;200;200;Dogger Bank;x
1271;22;200;250;Straits of Dover;x
1272;23;220;250;The Channel;x
1274;25;200;200;Coast of Britanny;x
1275;26;200;250;Quiberon Bay;x
1276;27;220;250;Cote D'Argent;x
1277;28;250;250;Bay of Biscay;x
1278;29;200;200;Cantabrian Sea;x
1279;30;200;250;Tyne;x
1280;31;220;250;Firth of Forth;x
1281;32;250;250;The North Sea;x
1282;33;200;200;Moray Firth;x
1284;35;220;250;Irish Sea;x
1285;36;250;250;St. George's Channel;x
1286;37;200;200;Donegal Bay;x
1287;38;200;250;Dingle Bay;x
1288;39;220;250;Celtic Sea;x
1289;40;250;250;Western Approaches;x
1290;41;200;200;Finisterre Bay;x
1291;42;200;250;Lusitanian Sea;x
1292;43;220;250;Gulf of Cadiz;x
1293;44;250;250;Straits of Gibraltar;x
1294;45;200;200;Gulf of Almeira;x
1295;46;200;250;Gulf of Valencia;x
1296;47;220;250;Gulf of Lion;x
1297;48;250;250;Cote D'Azur;x
1298;49;200;200;Ligurian Sea;x
1299;50;200;250;Shetland Straits;x
1300;51;220;250;Western Mediterranean;x
1301;52;250;250;Barbary Coast;x
1302;53;200;200;Cape Bon;x
1303;54;200;250;Tyrrenean Sea;x
1304;55;220;250;Bay of Naples;x
1305;56;250;250;Gulf of Gabes;x
1307;58;200;250;Straits of Messina;x
1308;59;220;250;Gulf of Venice;x
1309;60;250;250;Adriatic Sea;x
1310;61;200;200;Straits of Otranto;x
1311;62;200;250;Gulf of Taranto;x
1312;63;220;250;Ionian Sea;x
1313;64;250;250;Gulf of Sirte;x
1314;65;200;200;Gulf of Tobruk;x
1315;66;200;250;Bay of Alexandrian;x
1316;67;220;250;Palestinian Coast;x
1317;68;250;250;Gulf of Cyprus;x
1319;70;200;250;Aegean Sea;x
1320;71;220;250;Sea of Marmara;x
1321;72;250;250;Gulf of Varna;x
1322;73;200;200;Gulf of Odessa;x
1323;74;200;250;Sea of Azov;x
1324;75;220;250;Eastern Black Sea;x
1325;76;250;250;Lake Balaton;x
1326;77;200;200;Caspian Sea;x
1327;78;200;250;Aral Sea;x
1471;94;201;251;Canarian Sea;x
1472;95;221;251;Coast of Morocco;x
1473;96;251;251;Jan Mayen Sea;x
1474;97;201;201;Spitzberg Sea;x
1475;98;201;251;Icelandic Sea;x
1476;99;221;251;Eastern Coast of Iceland;x
1477;100;251;251;Western Coast of Iceland;x
1479;102;201;251;Rockall;x
1480;103;221;251;Denmark Strait;x
1481;104;251;251;Eastern Coast of Greenland;x
1482;105;201;201;Western Coast of Greenland;x
1484;107;221;251;Baffin Bay;x
1497;120;251;251;Greenland Sea;x
1499;122;201;251;Masschusetts Bay;x
1500;123;221;251;Chesapaeake Bay;x
1501;124;251;251;Cape Hatteras;x
1502;125;201;201;Coast of Carolina;x
1503;126;201;251;Coast of Florida;x
1504;127;221;251;Sea of Sargassos;x
1524;19;222;252;Turks & Caicos Sea;x
1525;20;252;252;Coast of Cuba;x
1563;58;202;252;Hatton Bank;x
1564;59;222;252;Eastern Gibbs Fracture;x
1565;60;252;252;Western Gibbs Fracture;x
1566;61;202;202;Iberian Shelf;x
1567;62;202;252;Sea of Azores;x
1568;63;222;252;Corner Seamounts;x
1569;64;252;252;New England Seamounts;x
1570;65;202;202;Sable Island Bank;x
1571;66;202;252;Blake Plataeu;x
1572;67;222;252;West Bermuda Sea;x
1573;68;252;252;East Bermuda Sea;x
1574;69;202;202;Some Funny Seaname;x
1578;73;202;202;Canary Approach;x
1580;75;222;252;Central Atlantic #1;x
1582;77;202;202;Central Atlantic #3;x
1583;78;202;252;Central Atlantic #4;x
1610;105;202;202;Cape of Storms;x
1624;119;222;252;Indian Ocean #9;x
1625;120;252;252;Indian Ocean #10;x
1648;15;223;253;Lake Tchad;x
1649;16;253;253;Lake Victoria;x
1650;17;203;203;Lake Tangayika;x
1651;18;203;253;Lake Malawi;x
1652;19;223;253;White Sea;x
1653;20;253;253;Lake Balchasj;x
1654;21;203;203;Lake Bajkal;x
1655;22;203;253;Poyang Lake;x
1656;23;223;253;Lake Titicaca;x
1657;24;253;253;Lake Nicaragua;x
1658;25;203;203;Everglades;x
1659;26;203;253;Lake Ontario;x
1660;27;223;253;Lake Erie;x
1661;28;253;253;Lake Huron;x
1662;29;203;203;Lake Michigan;x
1663;30;203;253;Lake Superior;x
1664;31;223;253;Lake Nipigon;x
1665;32;253;253;Lake Winnipeg;x
1782;72;148;126;Eastern Siberia;x
1793;74;44;126;El Djouf;x
1794;202;46;173;Central Sahara;x
1885;2;0;240;Central finish lakes;x
1891;8;0;244;Tuz Gola;x
1893;10;0;232;Lake Daryacheh;x
1894;11;0;236;Sevan Lake;x
1895;12;0;240;Lake Taihu;x
1896;13;0;244;Lake Hongze;x
1897;14;0;248;Dongting;x
1898;15;0;232;Tonie Sap Lake;x
1899;16;0;236;Tana lake;x
1900;17;0;240;Lake Turkana;x
1902;19;0;248;Lake Poopo;x
1903;20;0;232;Lake Champlain;x
1904;21;0;236;Lac Saint Jean;x
1905;22;0;240;Lac Manicouagan;x
1906;23;0;244;Lac Michikamau;x
1907;24;0;248;Lac Bienville;x
1908;25;0;232;Lac Al Eau Claire;x
1909;26;0;236;Lac Minto;x
1910;27;0;240;La Grande Riviere;x
1911;28;0;244;Lake Island;x
1912;29;0;248;Lake Reindeer;x
1913;30;0;232;Wollaston Lake;x
1914;31;0;236;Great Slave Lake;x
1915;32;0;240;Lake Athabasca;x
1916;33;0;244;Dubawni Lake;x
1917;34;0;248;Yathkyed Lake;x
1918;35;0;232;Kasba Lake;x
1919;36;0;236;Nueltin Lake;x
1920;37;0;240;Wholdaia Lake;x
1921;38;0;244;Peter Pond Lake;x
1922;39;0;248;Great salt lake;x
1923;40;0;232;Williston Lake;x
1924;62;206;252;Greenland tip;x
1926;62;230;252;Northern baltic sea;x
1927;62;218;252;Eastern baltic sea;x
1928;62;234;252;Western Alands sea;x
1929;62;210;252;Western Norwegian Sea;x
1932;49;150;248;Gulf of Satalia;x
1975;105;225;255;Sea of Jutland;x
1976;93;0;244;Dead Sea;x
1977;94;0;248;Mälaren;x
2426;34;74;126;Yamal;x
3004;189;110;220;Unused1
3005;190;110;220;Unused2
3006;191;110;220;Unused3
3007;192;110;220;Unused4
3008;193;110;220;Unused5
3009;194;110;220;Unused6
3010;195;110;220;Unused7
3011;196;110;220;Unused8
3012;197;110;220;Unused9
3013;199;110;220;Unused10
3014;200;110;220;Unused11
3015;201;110;220;Unused12
3016;202;110;220;Unused13
3017;203;110;220;Unused14
3018;204;110;220;Unused15
3019;205;110;220;Unused16
3020;206;110;220;Unused17
3021;207;110;220;Unused18
3022;207;110;221;Unused19
3023;207;110;222;Unused20
3024;207;110;223;Unused11
3025;207;110;224;Unused12
3026;207;110;225;Unused13
3027;207;110;226;Unused14
3028;207;110;227;Unused15
3029;207;110;228;Unused16
3030;207;110;229;Unused17
3031;207;110;230;Unused18
3032;207;110;231;Unused19
3033;207;110;232;Unused20
3034;207;110;233;Unused21
3035;207;110;234;Unused22
3036;207;110;235;Unused23
3037;207;110;236;Unused24
3038;207;110;237;Unused25
3039;207;110;238;Unused26
3040;207;110;239;Unused27
3041;207;110;240;Unused28
3042;207;110;241;Unused29
3043;207;110;242;Unused30
3044;207;110;243;Unused31
3045;207;110;244;Unused32
3046;207;110;245;Unused33
3047;207;110;246;Unused34
3048;207;110;247;Unused35
3049;207;110;248;Unused36
3050;207;110;249;Unused37
3051;207;110;250;Unused38
3052;208;110;1;Unused39
3053;207;110;2;Unused40
3054;207;110;3;Unused41
3055;207;110;4;Unused42
3056;207;110;5;Unused43
3057;207;110;6;Unused44
3058;207;110;7;Unused45
3059;207;110;8;Unused46
3060;207;110;9;Unused47
3061;207;110;10;Unused48
3062;207;110;11;Unused49
3063;207;110;12;Unused50
3064;207;110;13;Unused51
3065;207;110;14;Unused52
3066;207;110;15;Unused53
3067;207;110;16;Unused54
3068;207;110;17;Unused55
3069;207;110;18;Unused56
3070;207;110;19;Unused57
3071;207;110;20;Unused58
3072;207;110;21;Unused59
3073;207;110;22;Unused60
3074;207;110;23;Unused61
3075;207;110;24;Unused62
3076;207;110;25;Unused63
3077;207;110;26;Unused64
3078;207;110;27;Unused65
3079;207;110;28;Unused66
3080;207;110;29;Unused67
3081;207;110;30;Unused68
3082;207;110;31;Unused69
3083;207;110;32;Unused70
3084;207;110;33;Unused71
3085;207;110;34;Unused72
3086;207;110;35;Unused73
3087;207;110;36;Unused74
3088;207;110;37;Unused75
3089;207;110;38;Unused76
3090;207;110;39;Unused77
3091;207;110;40;Unused78
3092;207;110;41;Unused79
3093;207;110;42;Unused80
3094;207;110;43;Unused81
3095;207;110;44;Unused82
3096;207;110;45;Unused83
3097;207;110;46;Unused84
3098;207;110;47;Unused85
3099;207;110;48;Unused86
3100;207;110;49;Unused87
3101;207;110;50;Unused88
3102;207;110;51;Unused89
3103;207;110;52;Unused90
3104;207;110;53;Unused91
3105;207;110;54;Unused92
3106;207;110;55;Unused93
3107;207;110;56;Unused94
3108;207;110;57;Unused95
3109;207;110;58;Unused96
3110;207;110;59;Unused97
3111;207;110;60;Unused98
3112;207;110;61;Unused99
3113;207;110;62;Unused100
3114;207;110;63;Unused101
3115;207;110;64;Unused102
3116;207;110;65;Unused103
3117;207;110;66;Unused104
3118;207;110;67;Unused105
3119;207;110;68;Unused106
3120;207;110;69;Unused107
3121;207;110;70;Unused108
3122;207;110;71;Unused109
3123;207;110;72;Unused110
3124;207;110;73;Unused111
3125;207;110;74;Unused112
3126;207;110;75;Unused113
3127;207;110;76;Unused114
3128;207;110;77;Unused115
3129;207;110;78;Unused116
3130;207;110;79;Unused117
3131;207;110;80;Unused118
3132;207;110;81;Unused119
3133;207;110;82;Unused120
3134;207;110;83;Unused121
3135;207;110;84;Unused122
3136;207;110;85;Unused123
3137;207;110;86;Unused124
3138;207;110;87;Unused125
3139;207;110;88;Unused126
3140;207;110;89;Unused127
3141;207;110;90;Unused128
3142;207;110;91;Unused129
3143;207;110;92;Unused130
3144;207;110;93;Unused131
3145;207;110;94;Unused132
3146;207;110;95;Unused133
3147;207;110;96;Unused134
3148;207;110;97;Unused135
3149;207;110;98;Unused136
3150;207;110;99;Unused137
3151;207;110;100;Unused138
3152;207;110;101;Unused139
3153;207;110;102;Unused140
3154;207;110;103;Unused141
3155;207;110;104;Unused142
3156;207;110;105;Unused143
3157;207;110;106;Unused144
3158;207;110;107;Unused145
3159;207;110;108;Unused146
3160;207;110;109;Unused147
3161;207;110;110;Unused148
3162;207;110;111;Unused149
3163;207;110;112;Unused150
3164;207;110;113;Unused151
3165;207;110;114;Unused152
3166;207;110;115;Unused153
3167;207;110;116;Unused154
3168;207;110;117;Unused155
3169;207;110;118;Unused156
3170;207;110;119;Unused157
3171;207;110;120;Unused158
3172;207;110;121;Unused159
3173;207;110;122;Unused160
3174;207;110;123;Unused161
3175;207;110;124;Unused162
3176;207;110;125;Unused163
3177;207;110;126;Unused164
3178;207;110;127;Unused165
3179;207;110;128;Unused166
3180;207;110;129;Unused167
3181;207;140;130;Unused168
3182;207;140;131;Unused169
3183;207;140;132;Unused170
3184;207;140;133;Unused171
3185;207;140;134;Unused172
3186;207;140;135;Unused173
3187;207;140;136;Unused174
3188;207;140;137;Unused175
3189;207;140;138;Unused176
3190;219;32;0;UnusedLand0
3191;219;32;1;UnusedLand1
3192;219;32;2;UnusedLand2
3193;219;32;3;UnusedLand3
3194;219;32;4;UnusedLand4
3195;219;32;5;UnusedLand5
3196;219;32;6;UnusedLand6
3197;219;32;7;UnusedLand7
3198;219;32;8;UnusedLand8
3199;219;32;9;UnusedLand9
3200;219;32;10;UnusedLand10
3201;219;32;11;UnusedLand11
3202;219;32;12;UnusedLand12
3203;219;32;13;UnusedLand13
3204;219;32;14;UnusedLand14
3205;219;32;15;UnusedLand15
3206;219;32;16;UnusedLand16
3207;219;32;17;UnusedLand17
3208;219;32;18;UnusedLand18
3209;219;32;19;UnusedLand19
3210;219;32;20;UnusedLand20
3211;219;32;21;UnusedLand21
3212;219;32;22;UnusedLand22
3213;219;32;23;UnusedLand23
3214;219;32;24;UnusedLand24
3215;219;32;25;UnusedLand25
3216;219;32;26;UnusedLand26
3217;219;32;27;UnusedLand27
3218;219;32;28;UnusedLand28
3219;219;32;29;UnusedLand29
3220;219;32;30;UnusedLand30
3221;219;32;31;UnusedLand31
3222;219;32;32;UnusedLand32
3223;219;32;33;UnusedLand33
3224;219;32;34;UnusedLand34
3225;219;32;35;UnusedLand35
3226;219;32;36;UnusedLand36
3227;219;32;37;UnusedLand37
3228;219;32;38;UnusedLand38
3229;219;32;39;UnusedLand39
3230;219;32;40;UnusedLand40
3231;219;32;41;UnusedLand41
3232;219;32;42;UnusedLand42
3233;219;32;43;UnusedLand43
3234;219;32;44;UnusedLand44
3235;219;32;45;UnusedLand45
3236;219;32;46;UnusedLand46
3237;219;32;47;UnusedLand47
3238;219;32;48;UnusedLand48
3239;219;32;49;UnusedLand49
3240;219;32;50;UnusedLand50
3241;219;32;51;UnusedLand51
3242;219;32;52;UnusedLand52
3243;219;32;53;UnusedLand53
3244;219;32;54;UnusedLand54
3245;219;32;55;UnusedLand55
3246;219;32;56;UnusedLand56
3247;219;32;57;UnusedLand57
3248;219;32;58;UnusedLand58
3249;219;32;59;UnusedLand59
3250;219;32;60;UnusedLand60
3251;219;32;61;UnusedLand61
3252;219;32;62;UnusedLand62
3253;219;32;63;UnusedLand63
3254;219;32;64;UnusedLand64
3255;219;32;65;UnusedLand65
3256;219;32;66;UnusedLand66
3257;219;32;67;UnusedLand67
3258;219;32;68;UnusedLand68
3259;219;32;69;UnusedLand69
3260;219;32;70;UnusedLand70
3261;219;32;71;UnusedLand71
3262;219;32;72;UnusedLand72
3263;219;32;73;UnusedLand73
3264;219;32;74;UnusedLand74
3265;219;32;75;UnusedLand75
3266;219;32;76;UnusedLand76
3267;219;32;77;UnusedLand77
3268;219;32;78;UnusedLand78
3269;219;32;79;UnusedLand79
3270;219;32;80;UnusedLand80
3271;219;32;81;UnusedLand81
3272;219;32;82;UnusedLand82
3273;219;32;83;UnusedLand83
3274;219;32;84;UnusedLand84
3275;219;32;85;UnusedLand85
3276;219;32;86;UnusedLand86
3277;219;32;87;UnusedLand87
3278;219;32;88;UnusedLand88
3279;219;32;89;UnusedLand89
3280;219;32;90;UnusedLand90
3281;219;32;91;UnusedLand91
3282;219;32;92;UnusedLand92
3283;219;32;93;UnusedLand93
3284;219;32;94;UnusedLand94
3285;219;32;95;UnusedLand95
3286;219;32;96;UnusedLand96
3287;219;32;97;UnusedLand97
3288;219;32;98;UnusedLand98
3289;219;32;99;UnusedLand99
3290;219;32;100;UnusedLand100
3291;219;32;101;UnusedLand101
3292;219;32;102;UnusedLand102
3293;219;32;103;UnusedLand103
3294;219;32;104;UnusedLand104
3295;219;32;105;UnusedLand105
3296;219;32;106;UnusedLand106
3297;219;32;107;UnusedLand107
3298;219;32;108;UnusedLand108
3299;219;32;109;UnusedLand109
3300;219;32;110;UnusedLand110
3301;219;32;111;UnusedLand111
3302;219;32;112;UnusedLand112
3303;219;32;113;UnusedLand113
3304;219;32;114;UnusedLand114
3305;219;32;115;UnusedLand115
3306;219;32;116;UnusedLand116
3307;219;32;117;UnusedLand117
3308;219;32;118;UnusedLand118
3309;219;32;119;UnusedLand119
3310;219;32;120;UnusedLand120
3311;219;32;121;UnusedLand121
3312;219;32;122;UnusedLand122
3313;219;32;123;UnusedLand123
3314;219;32;124;UnusedLand124
3315;219;32;125;UnusedLand125
3316;219;32;126;UnusedLand126
3317;219;32;127;UnusedLand127
3318;219;32;128;UnusedLand128
3319;219;32;129;UnusedLand129
3320;219;32;130;UnusedLand130
3321;219;32;131;UnusedLand131
3322;219;32;132;UnusedLand132
3323;219;32;133;UnusedLand133
3324;219;32;134;UnusedLand134
3325;219;32;135;UnusedLand135
3326;219;32;136;UnusedLand136
3327;219;32;137;UnusedLand137
3328;219;32;138;UnusedLand138
3329;219;32;139;UnusedLand139
3330;219;32;140;UnusedLand140
3331;219;32;141;UnusedLand141
3332;219;32;142;UnusedLand142
3333;219;32;143;UnusedLand143
3334;219;32;144;UnusedLand144
3335;219;32;145;UnusedLand145
3336;219;32;146;UnusedLand146
3337;219;32;147;UnusedLand147
3338;219;32;148;UnusedLand148
3339;219;32;149;UnusedLand149
3340;219;32;150;UnusedLand150
3341;219;32;151;UnusedLand151
3342;219;32;152;UnusedLand152
3343;219;32;153;UnusedLand153
3344;219;32;154;UnusedLand154
3345;219;32;155;UnusedLand155
3346;219;32;156;UnusedLand156
3347;219;32;157;UnusedLand157
3348;219;32;158;UnusedLand158
3349;219;32;159;UnusedLand159
3350;219;32;160;UnusedLand160
3351;219;32;161;UnusedLand161
3352;219;32;162;UnusedLand162
3353;219;32;163;UnusedLand163
3354;219;32;164;UnusedLand164
3355;219;32;165;UnusedLand165
3356;219;32;166;UnusedLand166
3357;219;32;167;UnusedLand167
3358;219;32;168;UnusedLand168
3359;219;32;169;UnusedLand169
3360;219;32;170;UnusedLand170
3361;219;32;171;UnusedLand171
3362;219;32;172;UnusedLand172
3363;219;32;173;UnusedLand173
3364;219;32;174;UnusedLand174
3365;219;32;175;UnusedLand175
3366;219;32;176;UnusedLand176
3367;219;32;177;UnusedLand177
3368;219;32;178;UnusedLand178
3369;219;32;179;UnusedLand179
3370;219;32;180;UnusedLand180
3371;219;32;181;UnusedLand181
3372;219;32;182;UnusedLand182
3373;219;32;183;UnusedLand183
3374;219;32;184;UnusedLand184
3375;219;32;185;UnusedLand185
3376;219;32;186;UnusedLand186
3377;219;32;187;UnusedLand187
3378;219;32;188;UnusedLand188
3379;219;32;189;UnusedLand189
3380;219;32;190;UnusedLand190
3381;219;32;191;UnusedLand191
3382;219;32;192;UnusedLand192
3383;219;32;193;UnusedLand193
3384;219;32;194;UnusedLand194
3385;219;32;195;UnusedLand195
3386;219;32;196;UnusedLand196
3387;219;32;197;UnusedLand197
3388;219;32;198;UnusedLand198
3389;219;32;199;UnusedLand199
3390;219;32;200;UnusedLand200
3391;219;32;201;UnusedLand201
3392;219;32;202;UnusedLand202
3393;219;32;203;UnusedLand203
3394;219;32;204;UnusedLand204
3395;219;32;205;UnusedLand205
3396;219;32;206;UnusedLand206
3397;219;32;207;UnusedLand207
3398;219;32;208;UnusedLand208
3399;219;32;209;UnusedLand209
3400;219;32;210;UnusedLand210
3401;219;32;211;UnusedLand211
3402;219;32;212;UnusedLand212
3403;219;32;213;UnusedLand213
3404;219;32;214;UnusedLand214
3405;219;32;215;UnusedLand215
3406;219;32;216;UnusedLand216
3407;219;32;217;UnusedLand217
3408;219;32;218;UnusedLand218
3409;219;32;219;UnusedLand219
3410;219;32;220;UnusedLand220
3411;219;32;221;UnusedLand221
3412;219;32;222;UnusedLand222
3413;219;32;223;UnusedLand223
3414;219;32;224;UnusedLand224
3415;219;32;225;UnusedLand225
3416;219;32;226;UnusedLand226
3417;219;32;227;UnusedLand227
3418;219;32;228;UnusedLand228
3419;219;32;229;UnusedLand229
3420;219;23;120;RNW
3421;219;23;121;RNW
3422;219;23;122;RNW
3423;219;23;123;RNW
3424;219;23;124;RNW
3425;219;23;125;RNW
3426;219;23;126;RNW
3427;219;23;127;RNW
3428;219;23;128;RNW
3429;219;23;129;RNW
3430;219;23;130;RNW
3431;219;23;131;RNW
3432;219;23;132;RNW
3433;219;23;133;RNW
3434;219;23;134;RNW
3435;219;23;135;RNW
3436;219;23;136;RNW
3437;219;23;137;RNW
3438;219;23;138;RNW
3439;219;23;139;RNW
3440;219;23;140;RNW
3441;219;23;141;RNW
3442;219;23;142;RNW
3443;219;23;143;RNW
3444;219;23;144;RNW
3445;219;23;145;RNW
3446;219;23;146;RNW
3447;219;23;147;RNW
3448;219;23;148;RNW
3449;219;23;149;RNW
3450;219;23;150;RNW
3451;219;23;151;RNW
3452;219;23;152;RNW
3453;219;23;153;RNW
3454;219;23;154;RNW
3455;219;23;155;RNW
3456;219;23;156;RNW
3457;219;23;157;RNW
3458;219;23;158;RNW
3459;219;23;159;RNW
3460;219;23;160;RNW
3461;219;23;161;RNW
3462;219;23;162;RNW
3463;219;23;163;RNW
3464;219;23;164;RNW
3465;219;23;165;RNW
3466;219;23;166;RNW
3467;219;23;167;RNW
3468;219;23;168;RNW
3469;219;23;169;RNW
3470;219;23;170;RNW
3471;219;23;171;RNW
3472;219;23;172;RNW
3473;219;23;173;RNW
3474;219;23;174;RNW
3475;219;23;175;RNW
3476;219;23;176;RNW
3477;219;23;177;RNW
3478;219;23;178;RNW
3479;219;23;179;RNW
3480;219;23;180;RNW
3481;219;23;181;RNW
3482;219;23;182;RNW
3483;219;23;183;RNW
3484;219;23;184;RNW
3485;219;23;185;RNW
3486;219;23;186;RNW
3487;219;23;187;RNW
3488;219;23;188;RNW
3489;219;23;189;RNW
3490;219;23;190;RNW
3491;219;23;191;RNW
3492;219;23;192;RNW
3493;219;23;193;RNW
3494;219;23;194;RNW
3495;219;23;195;RNW
3496;219;23;196;RNW
3497;219;23;197;RNW
3498;219;23;198;RNW
3499;219;23;199;RNW
3500;219;23;200;RNW
3501;219;23;201;RNW
3502;219;23;202;RNW
3503;219;23;203;RNW
3504;219;23;204;RNW
3505;219;23;205;RNW
3506;219;23;206;RNW
3507;219;23;207;RNW
3508;219;23;208;RNW
3509;219;24;209;RNW
3510;219;24;210;RNW
3511;219;24;211;RNW
3512;219;24;212;RNW
3513;219;24;213;RNW
3514;219;24;214;RNW
3515;219;24;215;RNW
3516;219;24;216;RNW
3517;219;24;217;RNW
3518;219;24;218;RNW
3519;219;24;219;RNW
3520;219;24;220;RNW
3521;219;24;221;RNW
3522;219;24;222;RNW
3523;219;24;223;RNW
3524;219;24;224;RNW
3525;219;24;225;RNW
3526;219;24;226;RNW
3527;219;24;227;RNW
3528;219;24;228;RNW
3529;219;24;229;RNW
3530;219;24;230;RNW
3531;219;24;231;RNW
3532;219;24;232;RNW
3533;219;24;233;RNW
3534;219;24;234;RNW
3535;219;24;235;RNW
3536;219;24;236;RNW
3537;219;24;237;RNW
3538;219;24;238;RNW
3539;219;24;239;RNW
3540;219;24;240;RNW
3541;219;24;241;RNW
3542;219;24;242;RNW
3543;219;24;243;RNW
3544;219;24;244;RNW
3545;219;24;245;RNW
3546;219;24;246;RNW
3547;219;24;247;RNW
3548;219;24;248;RNW
3549;219;24;249;RNW
3550;219;24;150;RNW
3551;225;25;151;RNW
3552;225;25;152;RNW
3553;225;25;153;RNW
3554;225;25;154;RNW
3555;225;25;155;RNW
3556;225;25;156;RNW
3557;225;25;157;RNW
3558;225;25;158;RNW
3559;225;25;159;RNW
3560;225;25;160;RNW
3561;225;25;161;RNW
3562;225;25;162;RNW
3563;225;25;163;RNW
3564;225;25;164;RNW
3565;225;25;165;RNW
3566;225;25;166;RNW
3567;225;25;167;RNW
3568;225;25;168;RNW
3569;225;25;169;RNW
3570;225;25;170;RNW
3571;225;25;171;RNW
3572;225;25;172;RNW
3573;225;25;173;RNW
3574;225;25;174;RNW
3575;225;25;175;RNW
3576;225;25;176;RNW
3577;225;25;177;RNW
3578;225;25;178;RNW
3579;225;25;179;RNW
3580;225;25;180;RNW
3581;225;25;181;RNW
3582;225;25;182;RNW
3583;225;25;183;RNW
3584;225;25;184;RNW
3585;225;25;185;RNW
3586;225;25;186;RNW
3587;225;25;187;RNW
3588;225;25;188;RNW
3589;225;25;189;RNW
3590;225;25;190;RNW
3591;225;25;191;RNW
3592;225;25;192;RNW
3593;225;25;193;RNW
3594;225;25;194;RNW
3595;225;25;195;RNW
3596;225;25;196;RNW
3597;225;25;197;RNW
3598;225;25;198;RNW
3599;225;25;199;RNW
3600;225;25;200;RNW
3601;225;25;201;RNW
3602;225;25;202;RNW
3603;225;25;203;RNW
3604;225;25;204;RNW
3605;225;25;205;RNW
3606;225;25;206;RNW
3607;225;25;207;RNW
3608;225;25;208;RNW
3609;225;25;209;RNW
3600;225;25;200;RNW
3611;225;25;201;RNW
3612;225;25;202;RNW
3613;225;25;203;RNW
3614;225;25;204;RNW
3615;225;25;205;RNW
3616;225;25;206;RNW
3617;225;25;207;RNW
3618;225;25;208;RNW
3619;225;25;209;RNW
3620;100;10;120;RNW
3621;100;10;121;RNW
3622;100;10;122;RNW
3623;100;10;123;RNW
3624;100;10;124;RNW
3625;100;10;125;RNW
3626;100;10;126;RNW
3627;100;10;127;RNW
3628;100;10;128;RNW
3629;100;10;129;RNW
3630;100;10;130;RNW
3631;100;10;131;RNW
3632;100;10;132;RNW
3633;100;10;133;RNW
3634;100;10;134;RNW
3635;100;10;135;RNW
3636;100;10;136;RNW
3637;100;10;137;RNW
3638;100;10;138;RNW
3639;100;10;139;RNW
3640;100;10;140;RNW
3641;100;10;141;RNW
3642;100;10;142;RNW
3643;100;10;143;RNW
3644;100;10;144;RNW
3645;100;10;145;RNW
3646;100;10;146;RNW
3647;100;10;147;RNW
3648;100;10;148;RNW
3649;100;10;149;RNW
3650;100;10;150;RNW
3651;100;10;151;RNW
3652;100;10;152;RNW
3653;100;10;153;RNW
3654;100;10;154;RNW
3655;100;10;155;RNW
3656;100;10;156;RNW
3657;100;10;157;RNW
3658;100;10;158;RNW
3659;100;10;159;RNW
3660;100;10;160;RNW
3661;100;10;161;RNW
3662;100;10;162;RNW
3663;100;10;163;RNW
3664;100;10;164;RNW
3665;100;10;165;RNW
3666;100;10;166;RNW
3667;100;10;167;RNW
3668;100;10;168;RNW
3669;100;10;169;RNW
3670;100;10;170;RNW
3671;100;10;171;RNW
3672;100;10;172;RNW
3673;100;10;173;RNW
3674;100;10;174;RNW
3675;100;10;175;RNW
3676;100;10;176;RNW
3677;100;10;177;RNW
3678;100;10;178;RNW
3679;100;10;179;RNW
3680;100;10;180;RNW
3681;100;10;181;RNW
3682;100;10;182;RNW
3683;100;10;183;RNW
3684;100;10;184;RNW
3685;100;10;185;RNW
3686;100;10;186;RNW
3687;100;10;187;RNW
3688;100;10;188;RNW
3689;100;10;189;RNW
3690;100;10;190;RNW
3691;100;10;191;RNW
3692;100;10;192;RNW
3693;100;10;193;RNW
3694;100;10;194;RNW
3695;100;10;195;RNW
3696;100;10;196;RNW
3697;100;10;197;RNW
3698;100;10;198;RNW
3699;100;10;199;RNW
3700;100;11;100;RNW
3701;100;11;101;RNW
3702;100;11;102;RNW
3703;100;11;103;RNW
3704;100;11;104;RNW
3705;100;11;105;RNW
3706;100;11;106;RNW
3707;100;11;107;RNW
3708;100;11;108;RNW
3709;100;11;109;RNW
3710;100;11;110;RNW
3711;100;11;111;RNW
3712;100;11;112;RNW
3713;100;11;113;RNW
3714;100;11;114;RNW
3715;100;11;115;RNW
3716;100;11;116;RNW
3717;100;11;117;RNW
3718;100;11;118;RNW
3719;100;11;119;RNW
3720;100;11;120;RNW
3721;100;11;121;RNW
3722;100;11;122;RNW
3723;100;11;123;RNW
3724;100;11;124;RNW
3725;100;11;125;RNW
3726;100;11;126;RNW
3727;100;11;127;RNW
3728;100;11;128;RNW
3729;100;11;129;RNW
3730;100;11;130;RNW
3731;100;11;131;RNW
3732;100;11;132;RNW
3733;100;11;133;RNW
3734;100;11;134;RNW
3735;100;11;135;RNW
3736;100;11;136;RNW
3737;100;11;137;RNW
3738;100;11;138;RNW
3739;100;11;139;RNW
3740;100;11;140;RNW
3741;100;11;141;RNW
3742;100;11;142;RNW
3743;100;11;143;RNW
3744;100;11;144;RNW
3745;100;11;145;RNW
3746;100;11;146;RNW
3747;100;11;147;RNW
3748;100;11;148;RNW
3749;100;11;149;RNW
3750;100;11;150;RNW
3751;100;11;151;RNW
3752;100;11;152;RNW
3753;100;11;153;RNW
3754;100;11;154;RNW
3755;100;11;155;RNW
3756;100;11;156;RNW
3757;100;11;157;RNW
3758;100;11;158;RNW
3759;100;11;159;RNW
3760;100;11;160;RNW
3761;100;11;161;RNW
3762;100;11;162;RNW
3763;100;11;163;RNW
3764;100;11;164;RNW
3765;100;11;165;RNW
3766;100;11;166;RNW
3767;100;11;167;RNW
3768;100;11;168;RNW
3769;100;11;169;RNW
3770;100;11;170;RNW
3771;100;11;171;RNW
3772;100;11;172;RNW
3773;100;11;173;RNW
3774;100;11;174;RNW
3775;100;11;175;RNW
3776;100;11;176;RNW
3777;100;11;177;RNW
3778;100;11;178;RNW
3779;100;11;179;RNW
3780;100;11;180;RNW
3781;100;11;181;RNW
3782;100;11;182;RNW
3783;100;11;183;RNW
3784;100;11;184;RNW
3785;100;11;185;RNW
3786;100;11;186;RNW
3787;100;11;187;RNW
3788;100;11;188;RNW
3789;100;11;189;RNW
3790;100;11;190;RNW
3791;100;11;191;RNW
3792;100;11;192;RNW
3793;100;11;193;RNW
3794;100;11;194;RNW
3795;100;11;195;RNW
3796;100;11;196;RNW
3797;100;11;197;RNW
3798;100;11;198;RNW
3799;100;11;199;RNW
3800;100;12;100;RNW
3801;100;12;101;RNW
3802;100;12;102;RNW
3803;100;12;103;RNW
3804;100;12;104;RNW
3805;100;12;105;RNW
3806;100;12;106;RNW
3807;100;12;107;RNW
3808;100;12;108;RNW
3809;100;12;109;RNW
3810;100;12;110;RNW
3811;100;12;111;RNW
3812;100;12;112;RNW
3813;100;12;113;RNW
3814;100;12;114;RNW
3815;100;12;115;RNW
3816;100;12;116;RNW
3817;100;12;117;RNW
3818;100;12;118;RNW
3819;100;12;119;RNW
3820;100;12;120;RNW
3821;100;12;121;RNW
3822;100;12;122;RNW
3823;100;12;123;RNW
3824;100;12;124;RNW
3825;100;12;125;RNW
3826;100;12;126;RNW
3827;100;12;127;RNW
3828;100;12;128;RNW
3829;100;12;129;RNW
3830;100;12;130;RNW
3831;100;12;131;RNW
3832;100;12;132;RNW
3833;100;12;133;RNW
3834;100;12;134;RNW
3835;100;12;135;RNW
3836;100;12;136;RNW
3837;100;12;137;RNW
3838;100;12;138;RNW
3839;100;12;139;RNW
3840;100;12;140;RNW
3841;100;12;141;RNW
3842;100;12;142;RNW
3843;100;12;143;RNW
3844;100;12;144;RNW
3845;100;12;145;RNW
3846;100;12;146;RNW
3847;100;12;147;RNW
3848;100;12;148;RNW
3849;100;12;149;RNW
3850;100;12;150;RNW
3851;100;12;151;RNW
3852;100;12;152;RNW
3853;100;12;153;RNW
3854;100;12;154;RNW
3855;100;12;155;RNW
3856;100;12;156;RNW
3857;100;12;157;RNW
3858;100;12;158;RNW
3859;100;12;159;RNW
3860;100;12;160;RNW
3861;100;12;161;RNW
3862;100;12;162;RNW
3863;100;12;163;RNW
3864;100;12;164;RNW
3865;100;12;165;RNW
3866;100;12;166;RNW
3867;100;12;167;RNW
3868;100;12;168;RNW
3869;100;12;169;RNW
3870;100;12;170;RNW
3871;100;12;171;RNW
3872;100;12;172;RNW
3873;100;12;173;RNW
3874;100;12;174;RNW
3875;100;12;175;RNW
3876;100;12;176;RNW
3877;100;12;177;RNW
3878;100;12;178;RNW
3879;100;12;179;RNW
3880;100;12;180;RNW
3881;100;12;181;RNW
3882;100;12;182;RNW
3883;100;12;183;RNW
3884;100;12;184;RNW
3885;100;12;185;RNW
3886;100;12;186;RNW
3887;100;12;187;RNW
3888;100;12;188;RNW
3889;100;12;189;RNW
3890;100;12;190;RNW
3891;100;12;191;RNW
3892;100;12;192;RNW
3893;100;12;193;RNW
3894;100;12;194;RNW
3895;100;12;195;RNW
3896;100;12;196;RNW
3897;100;12;197;RNW
3898;100;12;198;RNW
3899;100;12;199;RNW
3900;100;13;100;RNW
3901;100;13;101;RNW
3902;100;13;102;RNW
3903;100;13;103;RNW
3904;100;13;104;RNW
3905;100;13;105;RNW
3906;100;13;106;RNW
3907;100;13;107;RNW
3908;100;13;108;RNW
3909;100;13;109;RNW
3910;100;13;110;RNW
3911;100;13;111;RNW
3912;100;13;112;RNW
3913;100;13;113;RNW
3914;100;13;114;RNW
3915;100;13;115;RNW
3916;100;13;116;RNW
3917;100;13;117;RNW
3918;100;13;118;RNW
3919;100;13;119;RNW
3920;100;13;120;RNW
3921;100;13;121;RNW
3922;100;13;122;RNW
3923;100;13;123;RNW
3924;100;13;124;RNW
3925;100;13;125;RNW
3926;100;13;126;RNW
3927;100;13;127;RNW
3928;100;13;128;RNW
3929;100;13;129;RNW
3930;100;13;130;RNW
3931;100;13;131;RNW
3932;100;13;132;RNW
3933;100;13;133;RNW
3934;100;13;134;RNW
3935;100;13;135;RNW
3936;100;13;136;RNW
3937;100;13;137;RNW
3938;100;13;138;RNW
3939;100;13;139;RNW
3940;100;13;140;RNW
3941;100;13;141;RNW
3942;100;13;142;RNW
3943;100;13;143;RNW
3944;100;13;144;RNW
3945;100;13;145;RNW
3946;100;13;146;RNW
3947;100;13;147;RNW
3948;100;13;148;RNW
3949;100;13;149;RNW
3950;100;13;150;RNW
3951;100;13;151;RNW
3952;100;13;152;RNW
3953;100;13;153;RNW
3954;100;13;154;RNW
3955;100;13;155;RNW
3956;100;13;156;RNW
3957;100;13;157;RNW
3958;100;13;158;RNW
3959;100;13;159;RNW
3960;100;13;160;RNW
3961;100;13;161;RNW
3962;100;13;162;RNW
3963;100;13;163;RNW
3964;100;13;164;RNW
3965;100;13;165;RNW
3966;100;13;166;RNW
3967;100;13;167;RNW
3968;100;13;168;RNW
3969;100;13;169;RNW
3970;100;13;170;RNW
3971;100;13;171;RNW
3972;100;13;172;RNW
3973;100;13;173;RNW
3974;100;13;174;RNW
3975;100;13;175;RNW
3976;100;13;176;RNW
3977;100;13;177;RNW
3978;100;13;178;RNW
3979;100;13;179;RNW
3980;100;13;180;RNW
3981;100;13;181;RNW
3982;100;13;182;RNW
3983;100;13;183;RNW
3984;100;13;184;RNW
3985;100;13;185;RNW
3986;100;13;186;RNW
3987;100;13;187;RNW
3988;100;13;188;RNW
3989;100;13;189;RNW
3990;100;13;190;RNW
3991;100;13;191;RNW
3992;100;13;192;RNW
3993;100;13;193;RNW
3994;100;13;194;RNW
3995;100;13;195;RNW
3996;100;13;196;RNW
3997;100;13;197;RNW
3998;100;13;198;RNW
3999;100;13;199;RNW
4000;100;14;100;RNW
4001;100;14;101;RNW
4002;100;14;102;RNW
4003;100;14;103;RNW
4004;100;14;104;RNW
4005;100;14;105;RNW
4006;100;14;106;RNW
4007;100;14;107;RNW
4008;100;14;108;RNW
4009;100;14;109;RNW
4010;100;14;110;RNW
4011;100;14;111;RNW
4012;100;14;112;RNW
4013;100;14;113;RNW
4014;100;14;114;RNW
4015;100;14;115;RNW
4016;100;14;116;RNW
4017;100;14;117;RNW
4018;100;14;118;RNW
4019;100;14;119;RNW
4146;225;223;19;Jotenheimen;x
4153;225;223;21;Scandes;x
4155;225;223;25;Carpathians;x
4157;225;223;29;The Alps;x
4160;224;220;117;Alps3;x
4161;208;202;39;Alps4;x
4162;231;224;22;Alps5;x
